"","player","year","Rd1","Rd2","Rd3","Rd4"
"1","Matt Kuchar",2014,66,73,70,64
"2","Luke Donald",2014,70,69,66,69
"3","John Huh",2014,71,68,68,68
"4","Ben Martin",2014,69,68,71,67
"5","Scott Brown",2014,70,69,71,67
"6","Brian Stuard",2014,69,72,68,68
"7","Jim Furyk",2014,71,66,71,70
"8","Brian Harman",2014,69,71,69,69
"9","Russell Knox",2014,69,72,68,70
"10","William McGirt",2014,66,76,71,66
"11","Rory Sabbatini",2014,69,72,70,68
"12","Stuart Appleby",2014,73,73,67,67
"13","Matt Every",2014,69,70,70,71
"14","Jason Kokrak",2014,71,73,66,70
"15","Charl Schwartzel",2014,70,70,68,72
"16","Jordan Spieth",2014,69,74,70,67
"17","Nicholas Thompson",2014,70,70,68,72
"18","Paul Casey",2014,74,67,72,68
"19","J.B. Holmes",2014,72,71,69,69
"20","Ryo Ishikawa",2014,77,68,67,69
"21","Pat Perez",2014,74,69,74,64
"22","Ted Potter",2014,70,69,71,71
"23","Robert Allenby",2014,69,72,70,71
"24","Matthew Fitzpatrick",2014,71,71,69,71
"25","Martin Kaymer",2014,73,67,72,70
"26","Graeme McDowell",2014,71,69,72,70
"27","Tim Herron",2014,69,72,72,70
"28","Chris Kirk",2014,71,72,71,69
"29","Geoff Ogilvy",2014,72,68,71,72
"30","Camilo Villegas",2014,72,71,73,67
"31","Jonathan Byrd",2014,71,73,73,67
"32","K.J. Choi",2014,70,67,74,73
"33","Harris English",2014,68,73,75,68
"34","Billy Hurley",2014,70,69,73,72
"35","Jerry Kelly",2014,76,70,67,71
"36","Richard H. Lee",2014,70,69,71,74
"37","Steve Marino",2014,72,72,72,68
"38","Ricky Barnes",2014,72,73,72,68
"39","Tim Clark",2014,72,71,71,71
"40","Chesson Hadley",2014,72,67,73,73
"41","Justin Hicks",2014,75,70,68,72
"42","Charley Hoffman",2014,73,71,68,73
"43","Kevin Kisner",2014,73,72,68,72
"44","Scott Langley",2014,66,73,75,71
"45","Spencer Levin",2014,72,74,70,69
"46","Kevin Stadler",2014,71,69,72,73
"47","Brendon Todd",2014,75,71,71,68
"48","Ken Duke",2014,72,71,69,74
"49","Andrew Loupe",2014,70,73,72,71
"50","Patrick Reed",2014,71,72,70,73
"51","Chris Stroud",2014,71,71,74,70
"52","Bo Van Pelt",2014,69,70,73,74
"53","Woody Austin",2014,74,71,67,75
"54","Gonzalo Fernandez-Castano",2014,74,71,67,75
"55","Brice Garnett",2014,73,71,72,71
"56","Charles Howell",2014,69,73,74,71
"57","Shawn Stefani",2014,74,69,71,73
"58","Kevin Streelman",2014,69,72,70,76
"59","David Toms",2014,73,73,72,69
"60","Boo Weekley",2014,73,73,73,68
"61","Stewart Cink",2014,70,72,72,74
"62","Zach Johnson",2014,71,73,70,74
"63","Tim Wilkinson",2014,70,71,73,74
"64","Ernie Els",2014,72,73,73,71
"65","Tommy Gainey",2014,72,74,75,68
"66","Jeff Maggert",2014,70,76,72,71
"67","John Mallinger",2014,69,74,73,73
"68","Mark Anderson",2014,71,75,74,70
"69","Erik Compton",2014,70,75,73,72
"70","Brian Gay",2014,70,74,74,72
"71","James Hahn",2014,72,74,69,75
"72","Billy Horschel",2014,69,74,72,75
"73","Robert Garrigus",2014,71,74,71,75
"74","Brian Davis",2014,71,75,73,73
"75","Dudley Hart",2014,73,69,75,75
"76","Trevor Immelman",2014,74,69,75,74
"77","Brandt Snedeker",2014,72,73,74,73
"78","Briny Baird",2014,72,72,74,78
"79","Aaron Baddeley",2014,71,76,NA,NA
"80","Charlie Beljan",2014,73,74,NA,NA
"81","Roberto Castro",2014,75,72,NA,NA
"82","Kevin Chappell",2014,75,72,NA,NA
"83","Brendon De Jonge",2014,72,75,NA,NA
"84","David Hearn",2014,75,72,NA,NA
"85","Hunter Stewart",2014,74,73,NA,NA
"86","Josh Teater",2014,74,73,NA,NA
"87","Cameron Tringale",2014,73,74,NA,NA
"88","Mike Weir",2014,73,74,NA,NA
"89","Chad Collins",2014,73,75,NA,NA
"90","Ben Crane",2014,76,72,NA,NA
"91","Lucas Glover",2014,69,79,NA,NA
"92","Danny Lee",2014,72,76,NA,NA
"93","Marc Leishman",2014,72,76,NA,NA
"94","Justin Leonard",2014,73,75,NA,NA
"95","Hunter Mahan",2014,74,74,NA,NA
"96","Kevin Na",2014,72,76,NA,NA
"97","John Peterson",2014,77,71,NA,NA
"98","Carl Pettersson",2014,75,73,NA,NA
"99","Jim Renner",2014,75,73,NA,NA
"100","Johnson Wagner",2014,71,77,NA,NA
"101","Tom Watson",2014,75,73,NA,NA
"102","Charlie Wi",2014,73,75,NA,NA
"103","John Daly",2014,74,75,NA,NA
"104","Glen Day",2014,74,75,NA,NA
"105","Vijay Singh",2014,72,77,NA,NA
"106","Vaughn Taylor",2014,71,78,NA,NA
"107","Mark Wilson",2014,74,75,NA,NA
"108","Jason Bohn",2014,74,76,NA,NA
"109","Rick Lewallen",2014,76,74,NA,NA
"110","Davis Love",2014,70,80,NA,NA
"111","Hideki Matsuyama",2014,71,79,NA,NA
"112","Kyle Stanley",2014,77,73,NA,NA
"113","Kevin Tway",2014,70,80,NA,NA
"114","Scott Verplank",2014,75,75,NA,NA
"115","Paul Goydos",2014,75,76,NA,NA
"116","Steven Bowditch",2014,75,77,NA,NA
"117","Stephen Gallacher",2014,71,81,NA,NA
"118","Bryce Molder",2014,74,78,NA,NA
"119","Wes Roach",2014,77,75,NA,NA
"120","John Rollins",2014,72,80,NA,NA
"121","Tyrone Van Aswegen",2014,76,76,NA,NA
"122","James Driscoll",2014,77,76,NA,NA
"123","Nick Faldo",2014,77,76,NA,NA
"124","Martin Laird",2014,72,81,NA,NA
"125","Russell Henley",2014,76,78,NA,NA
"126","Will MacKenzie",2014,75,79,NA,NA
"127","Michael Putnam",2014,77,77,NA,NA
"128","Ben Curtis",2014,79,76,NA,NA
"129","Stephen Ames",2014,73,84,NA,NA
"130","Chris DiMarco",2014,76,81,NA,NA
"131","Bill Haas",2014,72,NA,NA,NA
"132","Jim Furyk",2015,71,64,68,63
"133","Kevin Kisner",2015,68,67,67,64
"134","Troy Merritt",2015,69,61,69,69
"135","Brendon Todd",2015,73,66,63,67
"136","Matt Kuchar",2015,68,66,68,68
"137","Sean O'Hair",2015,70,67,70,64
"138","Branden Grace",2015,70,67,66,69
"139","Louis Oosthuizen",2015,69,67,69,67
"140","Morgan Hoffmann",2015,68,68,69,68
"141","Bo Van Pelt",2015,69,68,67,69
"142","Blake Adams",2015,72,65,71,66
"143","Brice Garnett",2015,72,66,65,71
"144","Jordan Spieth",2015,74,62,68,70
"145","Justin Thomas",2015,70,67,68,69
"146","Luke Donald",2015,73,66,66,70
"147","Bryce Molder",2015,74,64,70,67
"148","Cameron Smith",2015,68,73,67,67
"149","Brendon De Jonge",2015,70,68,67,71
"150","Matt Every",2015,66,70,70,70
"151","Lucas Glover",2015,70,67,70,69
"152","Jerry Kelly",2015,71,66,70,69
"153","Russell Knox",2015,75,64,67,70
"154","Jason Kokrak",2015,72,70,65,69
"155","John Peterson",2015,72,65,71,68
"156","Ian Poulter",2015,69,70,67,70
"157","Graeme McDowell",2015,66,69,70,72
"158","John Merrick",2015,69,65,71,72
"159","Pat Perez",2015,69,71,67,70
"160","Carl Pettersson",2015,72,69,69,67
"161","Brandt Snedeker",2015,77,64,67,69
"162","Alex Cejka",2015,70,71,69,68
"163","Stewart Cink",2015,70,67,71,70
"164","Martin Flores",2015,73,67,69,69
"165","Bill Haas",2015,71,70,68,69
"166","Joost Luiten",2015,69,71,70,68
"167","William McGirt",2015,71,70,68,69
"168","Sangmoon Bae",2015,67,73,70,69
"169","Ricky Barnes",2015,69,72,70,68
"170","Scott Brown",2015,74,67,71,67
"171","Ben Crane",2015,72,67,72,68
"172","Jason Dufner",2015,74,67,66,72
"173","Freddie Jacobson",2015,71,68,70,70
"174","Ben Martin",2015,69,69,70,71
"175","Zac Blair",2015,70,69,71,70
"176","Steven Bowditch",2015,74,68,68,70
"177","Brian Harman",2015,75,65,69,71
"178","Anirban Lahiri",2015,73,69,66,72
"179","George McNeill",2015,72,67,72,69
"180","Robert Streb",2015,74,68,68,70
"181","Hudson Swafford",2015,70,69,71,70
"182","Billy Horschel",2015,72,69,69,71
"183","Martin Laird",2015,72,70,70,69
"184","Webb Simpson",2015,71,70,69,71
"185","Vijay Singh",2015,71,67,70,73
"186","Robert Allenby",2015,71,71,67,73
"187","Jason Bohn",2015,73,68,74,67
"188","Charl Schwartzel",2015,72,70,71,69
"189","Kevin Streelman",2015,71,65,71,75
"190","Brian Stuard",2015,73,68,69,72
"191","Andres Gonzales",2015,70,72,70,71
"192","James Hahn",2015,70,69,72,72
"193","Danny Lee",2015,71,71,69,72
"194","Daniel Summerhays",2015,70,70,73,70
"195","Charley Hoffman",2015,71,70,71,72
"196","Scott Vincent",2015,70,70,71,73
"197","Aaron Baddeley",2015,70,67,76,72
"198","Scott Langley",2015,68,70,76,71
"199","Jim Renner",2015,69,69,74,73
"200","Charlie Beljan",2015,69,72,74,71
"201","Chris Kirk",2015,71,70,73,72
"202","Chris Stroud",2015,72,67,69,78
"203","Daniel Berger",2015,72,68,75,72
"204","Tom Watson",2015,72,70,69,76
"205","Nick Taylor",2015,72,69,77,70
"206","Ryo Ishikawa",2015,71,70,75,75
"207","Boo Weekley",2015,74,67,77,73
"208","Glen Day",2015,71,72,NA,NA
"209","Derek Ernst",2015,72,71,NA,NA
"210","Luke Guthrie",2015,72,71,NA,NA
"211","David Hearn",2015,73,70,NA,NA
"212","Russell Henley",2015,74,69,NA,NA
"213","Jeff Overton",2015,75,68,NA,NA
"214","Andres Romero",2015,74,69,NA,NA
"215","Rory Sabbatini",2015,72,71,NA,NA
"216","Sam Saunders",2015,74,69,NA,NA
"217","Jhonattan Vegas",2015,74,69,NA,NA
"218","Jonas Blixt",2015,72,72,NA,NA
"219","Chad Campbell",2015,74,70,NA,NA
"220","Brian Davis",2015,72,72,NA,NA
"221","Ken Duke",2015,72,72,NA,NA
"222","Ernie Els",2015,71,73,NA,NA
"223","Tony Finau",2015,73,71,NA,NA
"224","Adam Hadwin",2015,75,69,NA,NA
"225","Dudley Hart",2015,71,73,NA,NA
"226","Seung-Yul Noh",2015,73,71,NA,NA
"227","Carlos Ortiz",2015,75,69,NA,NA
"228","Kenny Perry",2015,75,69,NA,NA
"229","Marcel Siem",2015,71,73,NA,NA
"230","Johnson Wagner",2015,69,75,NA,NA
"231","Gunn Yang",2015,74,70,NA,NA
"232","Jonathan Byrd",2015,76,69,NA,NA
"233","Graham DeLaet",2015,69,76,NA,NA
"234","Derek Fathauer",2015,74,71,NA,NA
"235","Gonzalo Fernandez-Castano",2015,77,68,NA,NA
"236","Billy Hurley",2015,75,70,NA,NA
"237","Justin Leonard",2015,73,72,NA,NA
"238","Spencer Levin",2015,72,73,NA,NA
"239","D.A. Points",2015,73,72,NA,NA
"240","Patrick Reed",2015,71,74,NA,NA
"241","Andrew Svoboda",2015,77,68,NA,NA
"242","Michael Thompson",2015,74,71,NA,NA
"243","Cameron Tringale",2015,72,73,NA,NA
"244","Tim Wilkinson",2015,75,70,NA,NA
"245","Mark Wilson",2015,74,71,NA,NA
"246","K.J. Choi",2015,74,72,NA,NA
"247","Thongchai Jaidee",2015,72,74,NA,NA
"248","Richard Sterne",2015,71,75,NA,NA
"249","Corey Conners",2015,77,70,NA,NA
"250","Chesson Hadley",2015,73,74,NA,NA
"251","Woody Austin",2015,75,73,NA,NA
"252","Charles Howell",2015,75,73,NA,NA
"253","John Huh",2015,77,71,NA,NA
"254","Zach Johnson",2015,73,75,NA,NA
"255","Jeff Maggert",2015,75,73,NA,NA
"256","Nicholas Thompson",2015,73,75,NA,NA
"257","John Faidley",2015,77,72,NA,NA
"258","Robert Garrigus",2015,76,73,NA,NA
"259","Michael Putnam",2015,73,76,NA,NA
"260","Chez Reavie",2015,77,72,NA,NA
"261","Scott Verplank",2015,77,72,NA,NA
"262","Mike Weir",2015,74,82,NA,NA
"263","Branden Grace",2016,66,74,69,66
"264","Luke Donald",2016,66,71,69,71
"265","Russell Knox",2016,72,65,73,67
"266","Bryson DeChambeau",2016,70,69,72,68
"267","Kevin Na",2016,73,71,66,69
"268","Meen-Whee Kim",2016,71,72,68,69
"269","Jason Kokrak",2016,71,68,68,73
"270","Bryce Molder",2016,70,70,73,67
"271","Aaron Baddeley",2016,71,69,73,68
"272","Ricky Barnes",2016,71,68,74,68
"273","Kevin Chappell",2016,68,68,75,70
"274","Matt Kuchar",2016,67,71,72,71
"275","William McGirt",2016,69,71,72,69
"276","Tyler Aldridge",2016,71,73,67,71
"277","Graham DeLaet",2016,69,70,72,71
"278","Ernie Els",2016,72,71,73,66
"279","Bill Haas",2016,69,72,69,72
"280","Charley Hoffman",2016,68,68,71,75
"281","Si-Woo Kim",2016,68,72,71,71
"282","Patton Kizzire",2016,69,68,71,74
"283","Colt Knost",2016,73,70,70,69
"284","David Toms",2016,69,73,71,69
"285","Chad Campbell",2016,71,69,73,70
"286","Jason Day",2016,67,69,79,68
"287","Russell Henley",2016,72,67,71,73
"288","Morgan Hoffmann",2016,70,69,74,70
"289","Charles Howell",2016,69,75,70,69
"290","Chris Kirk",2016,72,66,71,74
"291","John Senden",2016,71,73,74,65
"292","Adam Hadwin",2016,71,73,73,67
"293","Marc Leishman",2016,71,72,68,73
"294","Shawn Stefani",2016,71,71,69,74
"295","Lucas Glover",2016,72,67,72,75
"296","Zach Johnson",2016,71,68,70,77
"297","David Lingmerth",2016,67,71,76,72
"298","Chez Reavie",2016,70,74,71,71
"299","Kyle Stanley",2016,72,70,71,73
"300","Willy Wilcox",2016,72,70,72,72
"301","Bronson Burgoon",2016,70,69,74,74
"302","Tony Finau",2016,67,73,73,74
"303","Luke List",2016,73,68,78,68
"304","George McNeill",2016,68,70,73,76
"305","Johnson Wagner",2016,68,73,74,72
"306","Boo Weekley",2016,70,71,76,70
"307","Ben Crane",2016,74,68,71,75
"308","Fabian Gomez",2016,68,76,73,71
"309","Jerry Kelly",2016,70,69,77,72
"310","Spencer Levin",2016,68,74,71,75
"311","Ben Martin",2016,70,74,74,70
"312","Francesco Molinari",2016,69,74,73,72
"313","Jim Herman",2016,72,71,73,73
"314","Seung-Yul Noh",2016,72,69,75,73
"315","Daniel Summerhays",2016,72,68,80,69
"316","Jason Dufner",2016,76,67,73,74
"317","Billy Horschel",2016,74,66,74,76
"318","Geoff Ogilvy",2016,72,69,74,75
"319","Ian Poulter",2016,72,72,76,70
"320","Mark Wilson",2016,72,72,73,73
"321","Zac Blair",2016,69,71,75,76
"322","Justin Leonard",2016,73,71,72,75
"323","Davis Love",2016,73,69,77,72
"324","Will MacKenzie",2016,73,71,71,76
"325","Tyrone Van Aswegen",2016,72,70,73,76
"326","Scott Brown",2016,71,73,76,72
"327","Vaughn Taylor",2016,70,74,75,73
"328","Webb Simpson",2016,73,70,75,75
"329","Vijay Singh",2016,71,71,75,76
"330","Harold Varner",2016,72,70,78,74
"331","Jason Bohn",2016,74,69,75,77
"332","Kevin Kisner",2016,72,71,75,77
"333","Derek Fathauer",2016,71,73,76,76
"334","Ryan Palmer",2016,71,73,76,76
"335","Camilo Villegas",2016,71,72,77,76
"336","Steve Wheatcroft",2016,72,68,75,81
"337","Justin Thomas",2016,72,70,77,82
"338","Andres Gonzales",2016,71,72,78,NA
"339","Michael Kim",2016,75,69,77,NA
"340","Greg Owen",2016,72,71,78,NA
"341","Nick Taylor",2016,73,71,77,NA
"342","Chris Stroud",2016,71,73,79,NA
"343","Carl Pettersson",2016,71,69,84,NA
"344","Hiroshi Iwata",2016,71,73,83,NA
"345","Blayne Barber",2016,70,75,NA,NA
"346","Paul Casey",2016,75,70,NA,NA
"347","Stewart Cink",2016,73,72,NA,NA
"348","Brendon De Jonge",2016,71,74,NA,NA
"349","Matthew Fitzpatrick",2016,72,73,NA,NA
"350","Chesson Hadley",2016,72,73,NA,NA
"351","James Hahn",2016,72,73,NA,NA
"352","Justin Hicks",2016,76,69,NA,NA
"353","Jeff Maggert",2016,73,72,NA,NA
"354","Peter Malnati",2016,73,72,NA,NA
"355","Scott Pinckney",2016,68,77,NA,NA
"356","Wes Roach",2016,74,71,NA,NA
"357","Ryan Ruffels",2016,75,70,NA,NA
"358","Roberto Castro",2016,75,71,NA,NA
"359","David Hearn",2016,72,74,NA,NA
"360","Thongchai Jaidee",2016,76,70,NA,NA
"361","K.J. Choi",2016,70,77,NA,NA
"362","Jason Gore",2016,72,75,NA,NA
"363","Danny Lee",2016,72,75,NA,NA
"364","Graeme McDowell",2016,74,73,NA,NA
"365","Sam Saunders",2016,76,71,NA,NA
"366","Brandt Snedeker",2016,73,74,NA,NA
"367","Robert Streb",2016,72,75,NA,NA
"368","Stuart Appleby",2016,69,79,NA,NA
"369","Ken Duke",2016,74,74,NA,NA
"370","Brian Harman",2016,73,75,NA,NA
"371","Matt Jones",2016,76,72,NA,NA
"372","Sung-Hoon Kang",2016,74,74,NA,NA
"373","Jamie Lovemark",2016,74,74,NA,NA
"374","Jeff Overton",2016,74,74,NA,NA
"375","Rory Sabbatini",2016,71,77,NA,NA
"376","Robert Allenby",2016,73,76,NA,NA
"377","Steve Marino",2016,72,77,NA,NA
"378","Hudson Swafford",2016,76,73,NA,NA
"379","Jon Curran",2016,73,77,NA,NA
"380","Brian Gay",2016,73,77,NA,NA
"381","Chad Collins",2016,73,78,NA,NA
"382","Mark Hubbard",2016,73,78,NA,NA
"383","Kelly Mitchum",2016,76,75,NA,NA
"384","Sean O'Hair",2016,75,76,NA,NA
"385","Carlos Ortiz",2016,72,79,NA,NA
"386","Kyle Reifers",2016,77,74,NA,NA
"387","Brett Stegmaier",2016,76,75,NA,NA
"388","Brendon Todd",2016,76,75,NA,NA
"389","J.J. Henry",2016,74,80,NA,NA
"390","Brendan Steele",2016,76,78,NA,NA
"391","Erik Compton",2016,81,NA,NA,NA
"392","Harris English",2016,77,NA,NA,NA
"393","Tommy Gainey",2016,69,NA,NA,NA
"394","Mike Weir",2016,78,NA,NA,NA
"395","Wesley Bryan",2017,69,67,68,67
"396","Luke Donald",2017,65,67,72,68
"397","Patrick Cantlay",2017,70,66,70,67
"398","William McGirt",2017,68,68,68,69
"399","Ollie Schniederjans",2017,68,68,69,68
"400","Graham DeLaet",2017,65,67,69,73
"401","Brian Gay",2017,68,70,69,67
"402","J.J. Spaun",2017,67,72,66,69
"403","Bud Cauley",2017,63,72,71,69
"404","Brian Harman",2017,71,70,66,68
"405","Jason Dufner",2017,68,67,65,76
"406","Branden Grace",2017,68,71,69,68
"407","Sung-Hoon Kang",2017,69,69,70,68
"408","Kevin Kisner",2017,72,64,66,74
"409","Russell Knox",2017,70,66,72,68
"410","Matt Kuchar",2017,68,71,73,64
"411","Ryan Palmer",2017,68,73,67,68
"412","Ian Poulter",2017,66,68,69,73
"413","Sam Saunders",2017,65,70,74,67
"414","Webb Simpson",2017,66,68,68,74
"415","Brandt Snedeker",2017,69,68,71,68
"416","Adam Hadwin",2017,71,66,71,69
"417","Billy Hurley",2017,69,71,66,71
"418","Francesco Molinari",2017,67,71,70,69
"419","Nick Taylor",2017,69,66,70,72
"420","Blayne Barber",2017,71,68,69,70
"421","Russell Henley",2017,66,73,71,68
"422","Rod Pampling",2017,69,72,69,68
"423","Tyrrell Hatton",2017,69,68,68,74
"424","Graeme McDowell",2017,72,68,69,70
"425","Cameron Smith",2017,67,70,71,71
"426","Zac Blair",2017,70,70,70,70
"427","Chad Campbell",2017,69,69,69,73
"428","Rafael Campos",2017,68,70,70,72
"429","Derek Fathauer",2017,72,67,70,71
"430","Lucas Glover",2017,72,68,71,69
"431","Martin Kaymer",2017,68,69,74,69
"432","Patton Kizzire",2017,72,66,70,72
"433","Jason Bohn",2017,67,72,70,72
"434","Danny Lee",2017,66,72,73,70
"435","Kevin Na",2017,70,69,73,69
"436","Hideto Tanihara",2017,67,70,72,72
"437","Johnson Wagner",2017,70,69,70,72
"438","Mark Anderson",2017,69,70,72,71
"439","Jonas Blixt",2017,69,70,72,71
"440","Keegan Bradley",2017,75,66,68,73
"441","Alex Cejka",2017,71,66,73,72
"442","Fabian Gomez",2017,74,67,70,71
"443","Anirban Lahiri",2017,67,70,75,70
"444","Marc Leishman",2017,68,69,74,71
"445","Shane Lowry",2017,66,75,69,72
"446","Peter Malnati",2017,71,69,67,75
"447","Bryce Molder",2017,73,67,70,72
"448","C.T. Pan",2017,71,69,73,69
"449","Boo Weekley",2017,72,69,69,72
"450","Charles Howell",2017,70,70,71,72
"451","Brian Stuard",2017,69,71,71,72
"452","Tyrone Van Aswegen",2017,70,70,69,74
"453","David Hearn",2017,70,70,69,75
"454","Grayson Murray",2017,67,73,71,73
"455","Kyle Stanley",2017,71,70,71,72
"456","Daniel Summerhays",2017,73,66,70,75
"457","Harold Varner",2017,67,72,70,75
"458","Ryan Blaum",2017,71,69,70,75
"459","K.J. Choi",2017,69,71,70,75
"460","Andrew Johnston",2017,68,71,70,76
"461","Martin Laird",2017,69,70,71,75
"462","Vaughn Taylor",2017,71,70,73,71
"463","Yuta Ikeda",2017,70,71,72,73
"464","Ben Crane",2017,66,74,72,75
"465","Steve Marino",2017,69,71,72,75
"466","Trey Mullinax",2017,73,68,73,73
"467","Pat Perez",2017,68,67,81,71
"468","Mark Hubbard",2017,70,71,74,76
"469","Jim Furyk",2017,68,74,NA,NA
"470","Robert Garrigus",2017,72,70,NA,NA
"471","John Huh",2017,70,72,NA,NA
"472","Freddie Jacobson",2017,72,70,NA,NA
"473","Chris Kirk",2017,70,72,NA,NA
"474","Luke List",2017,75,67,NA,NA
"475","Hunter Mahan",2017,68,74,NA,NA
"476","Carl Pettersson",2017,69,73,NA,NA
"477","D.A. Points",2017,71,71,NA,NA
"478","John Senden",2017,72,70,NA,NA
"479","Vijay Singh",2017,70,72,NA,NA
"480","Camilo Villegas",2017,70,72,NA,NA
"481","Steven Bowditch",2017,71,72,NA,NA
"482","Scott Brown",2017,72,71,NA,NA
"483","Roberto Castro",2017,71,72,NA,NA
"484","Stewart Cink",2017,70,73,NA,NA
"485","Tommy Gainey",2017,69,74,NA,NA
"486","Jason Kokrak",2017,68,75,NA,NA
"487","David Lingmerth",2017,72,71,NA,NA
"488","Andrew Loupe",2017,71,72,NA,NA
"489","Davis Love",2017,72,71,NA,NA
"490","Shawn Stefani",2017,69,74,NA,NA
"491","Michael Thompson",2017,74,69,NA,NA
"492","Aaron Baddeley",2017,71,73,NA,NA
"493","Rafa Cabrera Bello",2017,74,70,NA,NA
"494","Greg Chalmers",2017,72,72,NA,NA
"495","Ernie Els",2017,70,74,NA,NA
"496","James Hahn",2017,72,72,NA,NA
"497","Michael Kim",2017,71,73,NA,NA
"498","Kyle Reifers",2017,70,74,NA,NA
"499","Brett Stegmaier",2017,72,72,NA,NA
"500","Robert Streb",2017,76,68,NA,NA
"501","Ricky Barnes",2017,73,72,NA,NA
"502","Matthew Fitzpatrick",2017,73,72,NA,NA
"503","J.J. Henry",2017,73,72,NA,NA
"504","Spencer Levin",2017,68,77,NA,NA
"505","Troy Merritt",2017,71,74,NA,NA
"506","Chad Collins",2017,76,70,NA,NA
"507","Bryson DeChambeau",2017,73,73,NA,NA
"508","Ken Duke",2017,75,71,NA,NA
"509","Charley Hoffman",2017,73,73,NA,NA
"510","Morgan Hoffmann",2017,74,72,NA,NA
"511","Ryo Ishikawa",2017,70,76,NA,NA
"512","Meen-Whee Kim",2017,69,77,NA,NA
"513","Ben Martin",2017,71,75,NA,NA
"514","John Peterson",2017,72,74,NA,NA
"515","Chez Reavie",2017,74,72,NA,NA
"516","Dominic Bozzelli",2017,72,75,NA,NA
"517","Harris English",2017,74,73,NA,NA
"518","Bill Haas",2017,71,76,NA,NA
"519","Kelly Kraft",2017,72,75,NA,NA
"520","Geoff Ogilvy",2017,73,74,NA,NA
"521","Billy Horschel",2017,70,78,NA,NA
"522","Danny Willett",2017,71,78,NA,NA
"523","Jim Herman",2017,77,77,NA,NA
"524","Cheng Jin",2017,78,78,NA,NA
"525","Brooks Blackburn",2017,81,76,NA,NA
"526","Matt Every",2017,74,NA,NA,NA
"527","Satoshi Kodaira",2018,73,63,70,66
"528","Si-Woo Kim",2018,68,65,68,71
"529","Bryson DeChambeau",2018,68,64,75,66
"530","Luke List",2018,70,64,67,72
"531","Billy Horschel",2018,66,69,67,72
"532","Webb Simpson",2018,69,68,69,68
"533","Byeong Hun An",2018,73,67,66,69
"534","Patrick Cantlay",2018,67,72,68,68
"535","Bill Haas",2018,69,66,71,69
"536","Chesson Hadley",2018,66,68,69,72
"537","Kevin Kisner",2018,69,68,66,72
"538","Ian Poulter",2018,69,64,67,75
"539","Kevin Streelman",2018,70,70,67,68
"540","Jonas Blixt",2018,67,73,67,69
"541","Matthew Fitzpatrick",2018,69,71,69,67
"542","Emiliano Grillo",2018,72,66,69,70
"543","J.J. Henry",2018,72,69,69,67
"544","Beau Hossler",2018,70,69,70,68
"545","Dustin Johnson",2018,69,69,72,67
"546","Ryan Moore",2018,69,69,67,72
"547","Scott Piercy",2018,71,65,71,70
"548","Ted Potter",2018,72,66,69,70
"549","Bud Cauley",2018,71,68,71,68
"550","Brian Harman",2018,70,68,69,71
"551","Charley Hoffman",2018,72,69,66,71
"552","John Huh",2018,66,74,69,69
"553","Matt Kuchar",2018,66,70,69,73
"554","C.T. Pan",2018,70,65,67,76
"555","Rory Sabbatini",2018,64,70,70,74
"556","Brandt Snedeker",2018,70,64,72,72
"557","Tyrone Van Aswegen",2018,73,69,66,70
"558","Harris English",2018,67,73,74,65
"559","Dylan Frittelli",2018,72,68,67,72
"560","Lucas Glover",2018,74,65,67,73
"561","Martin Laird",2018,67,69,70,73
"562","Rod Pampling",2018,72,70,67,70
"563","Xander Schauffele",2018,68,68,71,72
"564","Cameron Smith",2018,68,68,74,69
"565","Nick Watney",2018,68,72,70,69
"566","Dominic Bozzelli",2018,70,72,72,66
"567","Russell Knox",2018,70,72,68,70
"568","Wesley Bryan",2018,69,71,71,70
"569","Stewart Cink",2018,70,70,70,71
"570","Brice Garnett",2018,68,68,72,73
"571","Zach Johnson",2018,70,70,71,70
"572","Andrew Landry",2018,69,68,69,75
"573","Ollie Schniederjans",2018,73,69,68,71
"574","Michael Thompson",2018,74,65,71,71
"575","Francesco Molinari",2018,73,69,69,71
"576","Jonathan Byrd",2018,71,71,68,73
"577","Austin Cook",2018,71,68,72,72
"578","Fabian Gomez",2018,68,71,71,73
"579","Meen-Whee Kim",2018,68,68,71,76
"580","Doc Redman",2018,71,71,69,72
"581","Ryan Armour",2018,71,71,69,73
"582","Aaron Baddeley",2018,73,69,70,72
"583","K.J. Choi",2018,69,70,72,73
"584","Matt Every",2018,73,66,70,75
"585","Tom Hoge",2018,70,67,71,76
"586","Charles Howell",2018,68,67,73,76
"587","Chris Kirk",2018,70,70,70,74
"588","Danny Lee",2018,69,66,70,79
"589","Ben Martin",2018,74,68,73,69
"590","Graeme McDowell",2018,73,69,72,70
"591","Keith Mitchell",2018,71,71,73,69
"592","Scott Stallings",2018,74,68,71,71
"593","Peter Malnati",2018,68,70,73,74
"594","Brian Stuard",2018,69,68,75,73
"595","Kevin Tway",2018,71,71,70,73
"596","Jim Furyk",2018,70,70,73,73
"597","Brian Gay",2018,71,71,71,73
"598","William McGirt",2018,71,70,71,74
"599","Martin Kaymer",2018,69,73,72,74
"600","David Lingmerth",2018,71,71,73,74
"601","Davis Love",2018,73,69,74,73
"602","Ryan Palmer",2018,73,65,74,78
"603","Michael Kim",2018,76,66,76,74
"604","Kevin Chappell",2018,73,70,NA,NA
"605","Luke Donald",2018,76,67,NA,NA
"606","Jason Dufner",2018,71,72,NA,NA
"607","Robert Garrigus",2018,72,71,NA,NA
"608","Patton Kizzire",2018,71,72,NA,NA
"609","Kelly Kraft",2018,71,72,NA,NA
"610","Marc Leishman",2018,72,71,NA,NA
"611","Dru Love",2018,77,66,NA,NA
"612","Steve Marino",2018,74,69,NA,NA
"613","Kevin Na",2018,74,69,NA,NA
"614","John Senden",2018,69,74,NA,NA
"615","J.J. Spaun",2018,71,72,NA,NA
"616","Blayne Barber",2018,74,70,NA,NA
"617","Ryan Blaum",2018,74,70,NA,NA
"618","Scott Brown",2018,70,74,NA,NA
"619","Bob Estes",2018,74,70,NA,NA
"620","Ross Fisher",2018,77,67,NA,NA
"621","Mackenzie Hughes",2018,72,72,NA,NA
"622","Jason Kokrak",2018,71,73,NA,NA
"623","Grayson Murray",2018,74,70,NA,NA
"624","Sam Saunders",2018,70,74,NA,NA
"625","Robert Streb",2018,73,71,NA,NA
"626","Chris Stroud",2018,73,71,NA,NA
"627","Harold Varner",2018,72,72,NA,NA
"628","Corey Conners",2018,74,71,NA,NA
"629","Billy Hurley",2018,74,71,NA,NA
"630","Colt Knost",2018,72,73,NA,NA
"631","Philip Knowles",2018,71,74,NA,NA
"632","Sean O'Hair",2018,71,74,NA,NA
"633","D.A. Points",2018,72,73,NA,NA
"634","Hudson Swafford",2018,75,70,NA,NA
"635","Richy Werenski",2018,71,74,NA,NA
"636","Paul Casey",2018,75,71,NA,NA
"637","Glen Day",2018,77,69,NA,NA
"638","Brandon Harkins",2018,76,70,NA,NA
"639","Tyrrell Hatton",2018,75,71,NA,NA
"640","Anirban Lahiri",2018,72,74,NA,NA
"641","Charl Schwartzel",2018,79,67,NA,NA
"642","Nick Taylor",2018,73,73,NA,NA
"643","Sam Ryder",2018,71,76,NA,NA
"644","Cody Gribble",2018,75,73,NA,NA
"645","Jeff Maggert",2018,76,72,NA,NA
"646","Carl Pettersson",2018,75,73,NA,NA
"647","Jon Curran",2018,78,71,NA,NA
"648","Martin Flores",2018,75,74,NA,NA
"649","Geoff Ogilvy",2018,73,76,NA,NA
"650","James Hahn",2018,75,75,NA,NA
"651","Chad Campbell",2018,76,75,NA,NA
"652","Vaughn Taylor",2018,75,76,NA,NA
"653","Greg Chalmers",2018,76,76,NA,NA
"654","David Hearn",2018,81,71,NA,NA
"655","Sung-Hoon Kang",2018,74,79,NA,NA
"656","Steve Scott",2018,80,73,NA,NA
"657","Derek Fathauer",2018,81,76,NA,NA
"658","Chris Couch",2018,79,NA,NA,NA
"659","C.T. Pan",2019,71,65,69,67
"660","Matt Kuchar",2019,69,69,68,67
"661","Patrick Cantlay",2019,67,72,66,69
"662","Shane Lowry",2019,65,68,71,70
"663","Scott Piercy",2019,67,70,68,69
"664","J.T. Poston",2019,71,71,67,66
"665","Seamus Power",2019,68,72,68,67
"666","Kevin Streelman",2019,69,69,69,68
"667","Sam Burns",2019,67,70,69,70
"668","K.J. Choi",2019,70,66,69,72
"669","Troy Merritt",2019,69,67,72,69
"670","Kevin Na",2019,67,72,71,67
"671","Ian Poulter",2019,70,67,67,73
"672","Rory Sabbatini",2019,67,69,68,73
"673","Michael Thompson",2019,68,71,69,69
"674","Rafa Cabrera Bello",2019,68,69,70,71
"675","Joel Dahmen",2019,70,68,71,69
"676","Zach Johnson",2019,69,69,72,68
"677","Jason Kokrak",2019,69,68,72,69
"678","Peter Malnati",2019,67,72,69,70
"679","Trey Mullinax",2019,66,68,71,73
"680","Eddie Pepperell",2019,71,69,68,70
"681","Webb Simpson",2019,69,73,65,71
"682","Brian Stuard",2019,68,70,72,68
"683","Harris English",2019,72,69,69,69
"684","Tommy Fleetwood",2019,71,68,70,70
"685","Boo Weekley",2019,69,70,70,70
"686","Dustin Johnson",2019,68,67,68,77
"687","Alex Noren",2019,67,74,67,72
"688","Ryan Palmer",2019,66,71,74,69
"689","Chez Reavie",2019,68,71,68,73
"690","J.J. Spaun",2019,70,69,68,73
"691","Daniel Berger",2019,66,69,72,74
"692","Luke Donald",2019,70,70,69,72
"693","Emiliano Grillo",2019,68,67,70,76
"694","Andrew Landry",2019,69,71,73,68
"695","Denny McCarthy",2019,70,68,70,73
"696","Hudson Swafford",2019,68,74,71,68
"697","Bud Cauley",2019,69,72,72,69
"698","Matthew Fitzpatrick",2019,71,71,68,72
"699","Kevin Kisner",2019,71,68,72,72
"700","Danny Lee",2019,72,69,70,72
"701","Luke List",2019,66,73,73,71
"702","Ryan Moore",2019,66,74,72,71
"703","Charley Hoffman",2019,68,69,70,77
"704","Billy Horschel",2019,67,70,72,75
"705","Patton Kizzire",2019,72,69,71,72
"706","Jonathan Byrd",2019,68,73,73,71
"707","Adam Hadwin",2019,71,69,74,71
"708","Kyoung-Hoon Lee",2019,70,69,74,72
"709","Graeme McDowell",2019,68,71,73,73
"710","Brandt Snedeker",2019,71,71,69,74
"711","Scott Stallings",2019,70,69,71,75
"712","Wyndham Clark",2019,70,69,78,69
"713","Brian Gay",2019,71,68,71,76
"714","Brandon Harkins",2019,71,67,74,74
"715","Jordan Spieth",2019,71,66,74,75
"716","Marc Leishman",2019,70,69,77,71
"717","Nick Taylor",2019,72,70,68,77
"718","Richy Werenski",2019,74,68,74,71
"719","Branden Grace",2019,70,72,75,71
"720","Scott Langley",2019,68,74,75,71
"721","Ryan Armour",2019,72,69,74,74
"722","Jason Dufner",2019,73,69,71,76
"723","Mackenzie Hughes",2019,70,70,72,77
"724","Xander Schauffele",2019,71,70,73,75
"725","Cody Gribble",2019,72,69,73,77
"726","Ted Potter",2019,73,69,77,72
"727","Ben Silverman",2019,73,68,76,74
"728","Satoshi Kodaira",2019,73,68,77,82
"729","Stewart Cink",2019,71,72,NA,NA
"730","Bryson DeChambeau",2019,70,73,NA,NA
"731","Ernie Els",2019,72,71,NA,NA
"732","Chesson Hadley",2019,71,72,NA,NA
"733","Russell Henley",2019,73,70,NA,NA
"734","Colt Knost",2019,72,71,NA,NA
"735","Andrew Putnam",2019,69,74,NA,NA
"736","Peter Uihlein",2019,75,68,NA,NA
"737","Mark Anderson",2019,73,71,NA,NA
"738","Aaron Baddeley",2019,72,72,NA,NA
"739","Jonas Blixt",2019,69,75,NA,NA
"740","Austin Cook",2019,71,73,NA,NA
"741","Jim Herman",2019,75,69,NA,NA
"742","Martin Kaymer",2019,72,72,NA,NA
"743","Meen-Whee Kim",2019,73,71,NA,NA
"744","Adam Schenk",2019,71,73,NA,NA
"745","Chris Stroud",2019,71,73,NA,NA
"746","Harold Varner",2019,71,73,NA,NA
"747","Danny Willett",2019,74,70,NA,NA
"748","Brice Garnett",2019,72,73,NA,NA
"749","Morgan Hoffmann",2019,72,73,NA,NA
"750","Charles Howell",2019,73,72,NA,NA
"751","Chris Kirk",2019,71,74,NA,NA
"752","Russell Knox",2019,71,74,NA,NA
"753","Kelly Kraft",2019,76,69,NA,NA
"754","Martin Laird",2019,74,71,NA,NA
"755","Keith Mitchell",2019,73,72,NA,NA
"756","Sam Saunders",2019,73,72,NA,NA
"757","Vaughn Taylor",2019,69,76,NA,NA
"758","Abraham Ancer",2019,73,73,NA,NA
"759","John Augenstein",2019,73,73,NA,NA
"760","Ryan Blaum",2019,71,75,NA,NA
"761","Corey Conners",2019,74,72,NA,NA
"762","Ray Franz",2019,76,70,NA,NA
"763","Jim Furyk",2019,70,76,NA,NA
"764","Lucas Glover",2019,76,70,NA,NA
"765","Justin Harding",2019,74,72,NA,NA
"766","Brian Harman",2019,71,75,NA,NA
"767","Sungjae Im",2019,72,74,NA,NA
"768","Anirban Lahiri",2019,72,74,NA,NA
"769","Adam Long",2019,71,75,NA,NA
"770","Francesco Molinari",2019,74,72,NA,NA
"771","Charl Schwartzel",2019,74,72,NA,NA
"772","Cameron Smith",2019,72,74,NA,NA
"773","Scott Brown",2019,77,70,NA,NA
"774","Cameron Champ",2019,74,73,NA,NA
"775","Michael Kim",2019,73,74,NA,NA
"776","Si-Woo Kim",2019,73,74,NA,NA
"777","Rod Pampling",2019,72,75,NA,NA
"778","Tyler Duncan",2019,73,75,NA,NA
"779","D.J. Trahan",2019,71,77,NA,NA
"780","Byeong Hun An",2019,74,75,NA,NA
"781","Beau Hossler",2019,76,73,NA,NA
"782","D.A. Points",2019,73,76,NA,NA
"783","Matt Wallace",2019,75,74,NA,NA
"784","Nick Watney",2019,74,75,NA,NA
"785","Alex Cejka",2019,76,74,NA,NA
"786","Tom Hoge",2019,76,74,NA,NA
"787","Roger Sloan",2019,82,73,NA,NA
"788","Bill Haas",2019,73,NA,NA,NA
"789","Ollie Schniederjans",2019,73,NA,NA,NA
"790","Webb Simpson",2020,65,65,68,64
"791","Abraham Ancer",2020,69,64,65,65
"792","Daniel Berger",2020,67,69,63,65
"793","Tyrrell Hatton",2020,71,64,63,66
"794","Sergio Garcia",2020,70,65,65,65
"795","Joaquin Niemann",2020,69,68,63,65
"796","Brooks Koepka",2020,67,66,68,65
"797","Bryson DeChambeau",2020,67,64,70,66
"798","Dylan Frittelli",2020,65,69,71,62
"799","Ryan Palmer",2020,65,67,66,69
"800","J.T. Poston",2020,67,69,66,65
"801","Justin Thomas",2020,72,66,66,63
"802","Michael Thompson",2020,65,69,66,67
"803","Matthew Fitzpatrick",2020,66,66,68,68
"804","Ian Poulter",2020,64,69,67,68
"805","Justin Rose",2020,70,67,66,65
"806","Harris English",2020,67,70,68,64
"807","Brice Garnett",2020,65,71,65,68
"808","Dustin Johnson",2020,68,66,67,68
"809","Jhonattan Vegas",2020,70,63,69,67
"810","Corey Conners",2020,68,63,69,70
"811","Lucas Glover",2020,69,68,66,67
"812","Viktor Hovland",2020,65,71,68,66
"813","Alex Noren",2020,69,66,66,69
"814","Doc Redman",2020,72,66,65,67
"815","Rory Sabbatini",2020,70,67,68,65
"816","Erik Van Rooyen",2020,66,68,66,70
"817","Christiaan Bezuidenhout",2020,67,69,68,67
"818","Tyler Duncan",2020,71,63,68,69
"819","Brian Harman",2020,70,67,69,65
"820","Sebastian Munoz",2020,65,69,69,68
"821","Chris Stroud",2020,68,69,63,71
"822","Tony Finau",2020,66,68,68,70
"823","Jim Herman",2020,68,69,69,66
"824","Mark Hubbard",2020,64,72,68,68
"825","Andrew Landry",2020,68,67,66,71
"826","Matthew NeSmith",2020,66,67,73,66
"827","Carlos Ortiz",2020,69,67,63,73
"828","Jon Rahm",2020,71,67,66,68
"829","Sepp Straka",2020,67,71,67,67
"830","Jason Dufner",2020,69,66,70,68
"831","Adam Hadwin",2020,72,65,67,69
"832","Max Homa",2020,67,69,69,68
"833","Matt Kuchar",2020,70,66,67,70
"834","Rory McIlroy",2020,72,65,66,70
"835","Sam Ryder",2020,69,65,68,71
"836","Charl Schwartzel",2020,71,67,66,69
"837","Joel Dahmen",2020,68,68,63,75
"838","Ernie Els",2020,67,67,72,68
"839","Bill Haas",2020,71,66,68,69
"840","Scott Stallings",2020,70,68,65,71
"841","Harry Higgs",2020,69,68,70,68
"842","Matt Jones",2020,69,69,66,71
"843","C.T. Pan",2020,68,68,70,69
"844","Brian Stuard",2020,68,70,70,67
"845","Vaughn Taylor",2020,67,69,70,69
"846","Bubba Watson",2020,69,68,73,65
"847","Chesson Hadley",2020,68,68,68,72
"848","Bernhard Langer",2020,69,67,71,69
"849","Maverick McNealy",2020,72,66,66,72
"850","Branden Grace",2020,69,69,67,72
"851","Stewart Cink",2020,68,68,72,70
"852","Gary Woodland",2020,69,68,71,70
"853","Wyndham Clark",2020,68,66,70,75
"854","Collin Morikawa",2020,68,69,68,74
"855","Xander Schauffele",2020,72,66,75,66
"856","Matt Wallace",2020,68,68,66,77
"857","Wesley Bryan",2020,69,68,73,70
"858","Jordan Spieth",2020,66,70,75,69
"859","Mackenzie Hughes",2020,66,68,69,78
"860","Danny Lee",2020,68,67,76,70
"861","Peter Malnati",2020,71,67,69,74
"862","Troy Merritt",2020,70,68,72,71
"863","Ryan Armour",2020,69,68,71,74
"864","Chez Reavie",2020,68,70,68,76
"865","Aaron Baddeley",2020,71,68,NA,NA
"866","Rickie Fowler",2020,67,72,NA,NA
"867","Charley Hoffman",2020,71,68,NA,NA
"868","Tom Hoge",2020,70,69,NA,NA
"869","Billy Horschel",2020,69,70,NA,NA
"870","Charles Howell",2020,73,66,NA,NA
"871","Kevin Kisner",2020,68,71,NA,NA
"872","Patton Kizzire",2020,70,69,NA,NA
"873","Nate Lashley",2020,72,67,NA,NA
"874","Pat Perez",2020,73,66,NA,NA
"875","Spencer Ralston",2020,69,70,NA,NA
"876","Patrick Rodgers",2020,67,72,NA,NA
"877","J.J. Spaun",2020,72,67,NA,NA
"878","Kyle Stanley",2020,69,70,NA,NA
"879","Kevin Chappell",2020,73,67,NA,NA
"880","Jason Day",2020,71,69,NA,NA
"881","Jim Furyk",2020,69,71,NA,NA
"882","Russell Henley",2020,70,70,NA,NA
"883","Jazz Janewattananond",2020,72,68,NA,NA
"884","Russell Knox",2020,73,67,NA,NA
"885","Adam Long",2020,72,68,NA,NA
"886","Kevin Streelman",2020,73,67,NA,NA
"887","Brendon Todd",2020,68,72,NA,NA
"888","Danny Willett",2020,70,70,NA,NA
"889","Bud Cauley",2020,71,70,NA,NA
"890","Emiliano Grillo",2020,70,71,NA,NA
"891","Michael Kim",2020,72,69,NA,NA
"892","Davis Love",2020,72,69,NA,NA
"893","Shane Lowry",2020,74,67,NA,NA
"894","Graeme McDowell",2020,75,66,NA,NA
"895","Vijay Singh",2020,70,71,NA,NA
"896","Cameron Smith",2020,69,72,NA,NA
"897","Harold Varner",2020,70,71,NA,NA
"898","Matthew Wolff",2020,72,69,NA,NA
"899","Bronson Burgoon",2020,72,70,NA,NA
"900","Sam Burns",2020,71,71,NA,NA
"901","Michael Gligic",2020,72,70,NA,NA
"902","Si-Woo Kim",2020,72,70,NA,NA
"903","Jason Kokrak",2020,69,73,NA,NA
"904","Luke List",2020,69,73,NA,NA
"905","Keith Mitchell",2020,72,70,NA,NA
"906","Ryan Moore",2020,73,69,NA,NA
"907","Andrew Putnam",2020,74,68,NA,NA
"908","Patrick Reed",2020,70,72,NA,NA
"909","Kevin Tway",2020,71,71,NA,NA
"910","Aaron Wise",2020,73,69,NA,NA
"911","Scott Brown",2020,73,70,NA,NA
"912","Rafa Cabrera Bello",2020,73,70,NA,NA
"913","Luke Donald",2020,71,72,NA,NA
"914","Lanto Griffin",2020,76,67,NA,NA
"915","Sungjae Im",2020,73,70,NA,NA
"916","Zach Johnson",2020,69,74,NA,NA
"917","Andy Ogletree",2020,73,70,NA,NA
"918","Roger Sloan",2020,70,73,NA,NA
"919","Jimmy Walker",2020,74,69,NA,NA
"920","Glen Day",2020,76,68,NA,NA
"921","Brian Gay",2020,71,73,NA,NA
"922","Talor Gooch",2020,75,69,NA,NA
"923","David Hearn",2020,75,69,NA,NA
"924","Hideki Matsuyama",2020,74,70,NA,NA
"925","Brandt Snedeker",2020,74,70,NA,NA
"926","Denny McCarthy",2020,73,72,NA,NA
"927","Matt Every",2020,74,72,NA,NA
"928","Louis Oosthuizen",2020,73,73,NA,NA
"929","Bo Van Pelt",2020,71,75,NA,NA
"930","K.J. Choi",2020,73,74,NA,NA
"931","Austin Cook",2020,76,71,NA,NA
"932","Kyoung-Hoon Lee",2020,72,75,NA,NA
"933","Victor Perez",2020,76,71,NA,NA
"934","Scott Piercy",2020,76,71,NA,NA
"935","Byeong Hun An",2020,74,74,NA,NA
"936","Sung-Hoon Kang",2020,72,76,NA,NA
"937","Ted Potter",2020,74,74,NA,NA
"938","Adam Schenk",2020,71,78,NA,NA
"939","Martin Trainer",2020,80,71,NA,NA
"940","Nick Watney",2020,74,NA,NA,NA
